Category,Name,Weight,Price,Store
Basmati Rice,Anchor Basmati Rice,5.00 kg,"Rs. 6,975.00",Cargills
Basmati Rice,Anchor Basmati Rice,2.00 kg,"Rs. 2,360.00",Cargills
Basmati Rice,Basmati Rice,1.00 kg,Rs. 550.00,Cargills
Basmati Rice,Daawat Super Basmati Rice,1.00 kg,"Rs. 1,790.00",Cargills
Basmati Rice,Daawat Devaaya Basmati Rice,5.00 kg,"Rs. 6,650.00",Cargills
Basmati Rice,Red Basmati Rice,1.00 kg,Rs. 525.00,Cargills
Basmati Rice,Daawat Devaaya Basmati Rice,1.00 kg,"Rs. 1,380.00",Cargills
Keeri Samba,My Choice Supiri Keeri Samba Rice,5.00 kg,"Rs. 1,300.00",Cargills
Keeri Samba,Keeri Samba Kekulu Bulk,1.00 kg,Rs. 260.00,Cargills
Keeri Samba,Nipuna Broken Keeri Samba,5.00 kg,"Rs. 1,300.00",Cargills
Keeri Samba,Sewmini Premium Keeri Samba,5.00 kg,"Rs. 1,300.00",Cargills
Keeri Samba,WHG Premium Keeri Samba Rice,5.00 kg,"Rs. 1,300.00",Cargills
Keeri Samba,Hiru Keeri Samba Rice,5.00 kg,"Rs. 1,300.00",Cargills
Keeri Samba,New Lanka Keeri Samba Rice,5.00 kg,"Rs. 1,300.00",Cargills
Keeri Samba,New Lanka Keeri Samba Raw Rice,5.00 kg,"Rs. 1,300.00",Cargills
Keeri Samba,Pulathisi Keeri Samba Rice,5.00 kg,"Rs. 1,300.00",Cargills
Nadu Rice,Araliya Premium Nadu Rice,5.00 kg,"Rs. 1,150.00",Cargills
Nadu Rice,Nipuna Nadu Rice,5.00 kg,"Rs. 1,150.00",Cargills
Nadu Rice,Rathna Nadu Rice,5.00 kg,"Rs. 1,150.00",Cargills
Nadu Rice,White Nadu Rice,1.00 kg,Rs. 218.00,Cargills
Nadu Rice,Hiru Nadu Rice,5.00 kg,"Rs. 1,150.00",Cargills
Nadu Rice,Red Nadu Rice,1.00 kg,Rs. 230.00,Cargills
Nadu Rice,Pulathisi Nadu Rice,5.00 kg,"Rs. 1,150.00",Cargills
Nadu Rice,My Choice Nadu Rice,5.00 kg,"Rs. 1,150.00",Cargills
Nadu Rice,New Lanka Premium Nadu Rice,5.00 kg,"Rs. 1,150.00",Cargills
Nadu Rice,WHG White Nadu Rice,5.00 kg,"Rs. 1,150.00",Cargills
Nadu Rice,Jathika Sathosa Nadu Rice,5.00 kg,"Rs. 1,150.00",Cargills
Nadu Rice,Helahasa Nadu Rice,5.00 kg,"Rs. 1,150.00",Cargills
Red Raw Rice,Red Raw Rice,1.00 kg,Rs. 203.00,Cargills
Red Raw Rice,Araliya Supiri Red Raw Rice,5.00 kg,"Rs. 1,100.00",Cargills
Red Raw Rice,Puluthisi Red Raw Rice,5.00 kg,"Rs. 1,100.00",Cargills
Red Raw Rice,Nipuna Red Raw Rice,5.00 kg,"Rs. 1,100.00",Cargills
Pasta,Delmege Delizia Pasta Elbow,400.00 g,Rs. 352.00,Cargills
Pasta,Delmege Delizia Pasta Penne,400.00 g,Rs. 396.00,Cargills
Pasta,Delmege Delizia Pasta Fusilli,400.00 g,Rs. 352.00,Cargills
Pasta,Mc Currie Chinese Chilli Paste,200.00 g,"Rs. 1,035.00",Cargills
Pasta,Dadd`s Chinese Chilli Paste,350.00 g,"Rs. 1,350.00",Cargills
Pasta,Pasta Roma Pasta Sauce Chilli,350.00 g,Rs. 820.00,Cargills
Pasta,Pasta Roma Pasta Sauce Garlic,350.00 g,Rs. 738.00,Cargills
Pasta,MD Tomato Paste,250.00 g,Rs. 425.00,Cargills
Pasta,MD Ginger Paste,225.00 g,"Rs. 1,150.00",Cargills
Pasta,Pasta Roma Pasta Sauce Herb,350.00 g,Rs. 820.00,Cargills
Pasta,MD Garlic Paste,250.00 g,Rs. 630.00,Cargills
Pasta,Kist Pasta Sauce,415.00 g,Rs. 540.00,Cargills
Pasta,Pastazara Penne Rigate,500.00 g,"Rs. 1,110.00",Cargills
Pasta,Pastazara Fussilli,500.00 g,"Rs. 1,060.00",Cargills
Pasta,Pastazara Farfalle,500.00 g,"Rs. 1,240.00",Cargills
Pasta,Pastazara Lasagne Gialle,500.00 g,"Rs. 1,375.00",Cargills
Pasta,Pastazara Fettuccine,500.00 g,"Rs. 1,605.00",Cargills
Pasta,Ma`s Yellow Rice Paste,50.00 g,Rs. 320.00,Cargills
Pasta,Kist Chilli Paste,1 Unit,"Rs. 1,700.00",Cargills
Pasta,Master Spice Vegetarian Chilli Paste,300.00 g,"Rs. 1,470.00",Cargills
Spaghetti,Roza Spaghetti,400.00 g,Rs. 475.00,Cargills
Spaghetti,San Remo Spaghetti No:5,500.00 g,Rs. 990.00,Cargills
Spaghetti,Crescent Spaghetti Bolognese,200.00 g,Rs. 580.00,Cargills
Spaghetti,Pastazara Spaghetti,500.00 g,"Rs. 1,015.00",Cargills
Noodles,Prima Kottu Mee Cheese & Onion Noodles,1 Unit,Rs. 108.00,Cargills
Noodles,Harischandra Kurakkan Noodles Packet,400.00 g,Rs. 270.00,Cargills
Noodles,Harischandra Yellow Noodles Packet,400.00 g,Rs. 270.00,Cargills
Noodles,Harischandra Red Noodles Packet,400.00 g,Rs. 280.00,Cargills
Noodles,Maggi Chicken Flavour Noodles,1 Unit,Rs. 115.00,Cargills
Noodles,Prima Twist Noodles,400.00 g,Rs. 290.00,Cargills
Noodles,Prima Instant Noodles,325.00 g,Rs. 370.00,Cargills
Noodles,Park View Noodles,400.00 g,Rs. 300.00,Cargills
Noodles,Sera Chicken Flavoured Noodles,325.00 g,Rs. 370.00,Cargills
Noodles,Maggi Special Family Noodles,335.00 g,Rs. 360.00,Cargills
Noodles,Prima Twist Noodles With Vegetable,400.00 g,Rs. 310.00,Cargills
Noodles,Prima Kottu Mee Hot & Spicy Noodles,1 Unit,Rs. 130.00,Cargills
Noodles,Maggi Curry Flavour Noodles,73.00 g,Rs. 115.00,Cargills
Noodles,Prima Toppz Noodles,80.00 g,Rs. 165.00,Cargills
Noodles,Prima Kottu Mee Nai Miris Noodles,1 Unit,Rs. 135.00,Cargills
Noodles,Prima Kottu Mee Chicken Noodles,1 Unit,Rs. 135.00,Cargills
Noodles,Maggi Papare Spicy Chicken Noodles,74.00 g,Rs. 130.00,Cargills
Noodles,Stella Chicken Flavour Noodles,74.00 g,Rs. 130.00,Cargills
Noodles,Maggi Papare Kottu Noodles,75.00 g,Rs. 130.00,Cargills
Noodles,Nongshim Shin Ramyun Noodles Stir Fry With Cheese,120.00 g,Rs. 580.00,Cargills
Red Dhal,Red Dhal,1.00 kg,Rs. 252.00,Cargills
Red Dhal,My Choice Red Dhal Packet,1 Unit,Rs. 150.00,Cargills
Chickpeas,Magna Spicy Chickpeas,100.00 g,Rs. 280.00,Cargills
Chickpeas,Chick Peas,1.00 kg,Rs. 378.00,Cargills
Chickpeas,My Choice Chick Peas Packet,1 Unit,Rs. 585.00,Cargills
Cheddar Cheese,Kotmale Cheddar Cheese,250.00 g,"Rs. 1,300.00",Cargills
Cheddar Cheese,Anchor Cheddar Cheese Slices,100.00 g,Rs. 900.00,Cargills
Cheddar Cheese,Kraft Processed Cheddar Cheese,250.00 g,"Rs. 1,950.00",Cargills
Happy Cow Cheese,"Happy Cow Cheese Slices, Emental",150.00 g,"Rs. 1,224.00",Cargills
Happy Cow Cheese,Happy Cow Cheese Spread,150.00 g,"Rs. 1,580.00",Cargills
Happy Cow Cheese,Happy Cow Cheese Slices,200.00 g,"Rs. 1,850.00",Cargills
Happy Cow Cheese,"Happy Cow Cheese Wedges, Paprika",140.00 g,"Rs. 1,350.00",Cargills
Happy Cow Cheese,"Happy Cow Cheese Slices, Alpine",150.00 g,"Rs. 1,440.00",Cargills
Happy Cow Cheese,"Happy Cow Cheese Slices, Mozzarella",200.00 g,"Rs. 1,850.00",Cargills
Butter,Lurpak Butter Salted,100.00 g,Rs. 730.00,Cargills
Butter,Pelwatte Butter,200.00 g,Rs. 850.00,Cargills
Butter,Lurpak Butter Salted,200.00 g,"Rs. 1,450.00",Cargills
Butter,Anchor Butter Salted,227.00 g,"Rs. 1,390.00",Cargills
Butter,Lurpak Butter Unsalted,200.00 g,"Rs. 1,450.00",Cargills
Butter,Richlife Butter Salted,1 Unit,"Rs. 1,100.00",Cargills
Butter,Anchor Butter Unsalted,227.00 g,"Rs. 1,390.00",Cargills
Butter,Rage Coffee ButterScotch Delight,50.00 g,"Rs. 2,800.00",Cargills
Margarine,Flora Margarine,1 Unit,"Rs. 1,027.50",Cargills
Eggs,Happy Hen Eggs M,1 Unit,Rs. 520.00,Cargills
Eggs,Nel Farm Brown Eggs Large,10.00 pcs,Rs. 560.00,Cargills
Eggs,Star Brand Egg Yellow Colouring,28.00 ml,Rs. 205.00,Cargills
Eggs,Sooper Vegan Eggless Chocolate Mousse,100.00 g,Rs. 870.00,Cargills
Eggs,"Arogya Farm Omega 3+DHA Rich Eggs, Medium",10.00 pcs,Rs. 575.00,Cargills
Eggs,Havana Brown Egg Medium,10.00 pcs,Rs. 510.00,Cargills
Eggs,"Havana Brown Egg Large, 10.00 pcs",10.00 pcs,Rs. 530.00,Cargills
Fresh Milk,Kotmale Fresh Milk,1 Unit,Rs. 500.00,Cargills
Fresh Milk,Ambewela Fresh Milk,1.00 l,Rs. 500.00,Cargills
Fresh Milk,Maliban UHT Fresh Milk,1.00 l,Rs. 400.00,Cargills
Fresh Milk,Richlife Full Cream Fresh Milk,180.00 ml,Rs. 130.00,Cargills
Fresh Milk,Highland Fresh Milk UHT,1 Unit,Rs. 200.00,Cargills
Full Cream Milk Powder,Diamond Full Cream Milk Powder,400.00 g,"Rs. 1,050.00",Cargills
Full Cream Milk Powder,Ratthi Full Cream Milk Powder,1 Unit,"Rs. 1,150.00",Cargills
Full Cream Milk Powder,Anchor Full Cream Milk Powder,1 Unit,"Rs. 1,150.00",Cargills
Full Cream Milk Powder,Pelwatte Full Cream Milk Powder,400.00 g,"Rs. 1,125.00",Cargills
Full Cream Milk Powder,Puredale Full Cream Milk Powder,1 Unit,Rs. 957.00,Cargills
Full Cream Milk Powder,Lakspray Full Cream Milk Powder Pouch,1 Unit,"Rs. 2,865.00",Cargills
Full Cream Milk Powder,Maliban Full Cream Milk Powder Pouch,1 Unit,"Rs. 2,875.00",Cargills
Full Cream Milk Powder,Highland Gold Full Cream Milk Powder,400.00 g,"Rs. 1,150.00",Cargills
Yoghurt,Kotmale Non Fat Yoghurt,450.00 g,Rs. 370.00,Cargills
Yoghurt,Kotmale Drinking Yoghurt Vanilla,180.00 ml,Rs. 136.00,Cargills
Yoghurt,Ratthi Set Yoghurt,1 Unit,Rs. 63.00,Cargills
Yoghurt,Newdale Set Yoghurt Multi Pack 80 g,8.00 pcs,Rs. 490.00,Cargills
Yoghurt,Anchor Low Fat Stirred Yoghurt,980.00 g,Rs. 890.00,Cargills
Yoghurt,Kotmale Drinking Yoghurt Strawberry,180.00 ml,Rs. 135.00,Cargills
Yoghurt,Newdale Set Plain Yoghurt,80.00 g,Rs. 70.00,Cargills
Yoghurt,Ambewela Set Yoghurt Family Pack,6.00 pcs,Rs. 400.00,Cargills
Yoghurt,Anchor Lowfat Mixedberry Yoghurt,100.00 g,Rs. 180.00,Cargills
Yoghurt,Anchor Lowfat Strawberry Yoghurt,100.00 g,Rs. 180.00,Cargills
Yoghurt,Anchor Newdale Drinking Yoghurt Low Fat Strawberry Flavoured,180.00 ml,Rs. 160.00,Cargills
Yoghurt,Ambewela Set Yoghurt,80.00 ml,Rs. 70.00,Cargills
Yoghurt,Kotmale Jelly Mixed Yoghurt,80.00 g,Rs. 70.00,Cargills
Yoghurt,Anchor Newdale Drinking Yoghurt Low Fat Vanilla Flavoured,180.00 ml,Rs. 160.00,Cargills
Yoghurt,Anchor Newdale Drinking Yoghurt Low Fat Mango Flavoured,180.00 ml,Rs. 160.00,Cargills
Yoghurt,Anchor Low Fat Yoghurt,100.00 g,Rs. 130.00,Cargills
Yoghurt,Frutty Fro Mixed Berry Flavoured Greek Yoghurt,90.00 g,Rs. 375.00,Cargills
Yoghurt,Frutty Fro Vanilla Flavoured Greek Yoghurt,90.00 g,Rs. 375.00,Cargills
Yoghurt,Kotmale Set Yoghurt,1 Unit,Rs. 70.00,Cargills
Yoghurt,Anchor Newdale Drinking Yoghurt Low Fat Mixed Berry Flavoured,180.00 ml,Rs. 160.00,Cargills
Curd,Mc Currie Seeni Sambol,360.00 g,"Rs. 1,402.50",Cargills
Curd,Mc Currie Mustard Seeds,100.00 g,Rs. 160.00,Cargills
Curd,Mc Currie Dill Seeds,100.00 g,Rs. 160.00,Cargills
Curd,Velona Cuddle Wet Wipes,70.00 pcs,Rs. 690.00,Cargills
Curd,Mc Currie Chilli Crushed,100.00 g,Rs. 175.00,Cargills
Curd,My Choice Cardamom,10.00 g,Rs. 300.00,Cargills
Ice Cream,Elephant House Vanilla Ice Cream,1.00 l,Rs. 550.00,Cargills
Ice Cream,Elephant House Chocolate Ice Cream,1.00 l,Rs. 600.00,Cargills
Ice Cream,Magic Heavenly Cappuccino Ice Cream,1.00 l,"Rs. 1,490.00",Cargills
Ice Cream,Heavelny Almond Nougat Ice Cream,1.00 l,"Rs. 1,280.00",Cargills
Ice Cream,Heavelny Forest Berries Ice Cream,1.00 l,"Rs. 1,280.00",Cargills
Ice Cream,Heavenly Tres leches Ice Cream,1.00 l,"Rs. 1,480.00",Cargills
Ice Cream,Alerics Dark Chocolate Ice Cream,1.00 l,"Rs. 1,900.00",Cargills
Ice Cream,Alerics Rocky Road Ice Cream,1 Unit,"Rs. 1,650.00",Cargills
Ice Cream,Alerics Cookie Espresso Ice Cream,1 Unit,"Rs. 1,500.00",Cargills
Ice Cream,Kotmale Strawberry Ice Cream,1.00 l,Rs. 560.00,Cargills
Ice Cream,Magic Fruit & Nut Ice Cream,1 Unit,"Rs. 1,650.00",Cargills
Ice Cream,Kotmale Butterscotch Ice Cream,1.00 l,Rs. 850.00,Cargills
Ice Cream,Magic Vanilla Ice Cream Cubes,60.00 ml,Rs. 200.00,Cargills
Ice Cream,Magic Fresh Mango Ice Cream,1 Unit,Rs. 711.00,Cargills
Ice Cream,Imorich Rocky Road Ice Cream,1.00 l,"Rs. 1,290.00",Cargills
Ice Cream,Imorich Very Berry Ice Cream,1.00 l,"Rs. 1,290.00",Cargills
Ice Cream,Imorich Cookie Cream Ice Cream,1.00 l,"Rs. 1,290.00",Cargills
Ice Cream,Highland Vanilla Ice Cream,1.00 l,Rs. 620.00,Cargills
Ice Cream,Kotmale Chocolate Ice Cream,1 Unit,Rs. 600.00,Cargills
Ice Cream,Alerics Fruit & Nut Ice Cream,1.00 l,"Rs. 1,200.00",Cargills
Chicken Breast,CIC Skinless Boneless Chicken Breast,575.00 g,"Rs. 1,469.13",Cargills
Whole Chicken,Prima Whole Chicken,1.00 kg,"Rs. 1,560.00",Cargills
Whole Chicken,Bairaha Whole Chicken,1.00 kg,"Rs. 1,560.00",Cargills
Whole Chicken,Crysbro Whole Chicken,1.00 kg,"Rs. 1,330.00",Cargills
Whole Chicken,Besto Pre- Cut Whole Chicken,1.00 Kg,"Rs. 2,075.00",Cargills
Whole Chicken,Besto Pre- Cut Skinless Whole Chicken,1.00 Kg,"Rs. 2,200.00",Cargills
Chicken Drumsticks,Bairaha Marinated Chicken Drumsticks,300.00 g,Rs. 775.00,Cargills
Chicken Drumsticks,CIC Skinless Chicken Drumsticks,575.00 g,"Rs. 1,219.00",Cargills
Chicken Drumsticks,CIC Skin On Chicken Drumsticks,575.00 g,Rs. 963.13,Cargills
Chicken Drumsticks,Krest Chicken Drumsticks,300.00 g,Rs. 750.00,Cargills
Chicken Drumsticks,Sam`s Chicken Drumsticks,1 Unit,Rs. 710.00,Cargills
Sausages,Bairaha Chicken Sausages,1 Unit,Rs. 950.00,Cargills
Sausages,Finest Chicken Sausages,500.00 g,"Rs. 1,550.00",Cargills
Sausages,Crescent Chicken Sausages,250.00 g,Rs. 612.00,Cargills
Sausages,Sara's Jumbo Chicken Sausages,1.00 kg,"Rs. 1,087.50",Cargills
Sausages,Lihini Premium Fish Sausages Nai Miris,200.00 g,Rs. 518.50,Cargills
Sausages,Lihini Premium Fish Sausages,200.00 g,Rs. 518.50,Cargills
Sausages,Keells Chicken Sausages,500.00 g,Rs. 900.00,Cargills
Sausages,Elephant House Chicken Sausages,300.00 g,Rs. 980.00,Cargills
Sausages,Goldi Jumbo Chicken Sausages,330.00 g,Rs. 550.00,Cargills
Sausages,Krest Chicken Sausages,250.00 g,Rs. 680.00,Cargills
Sausages,Sara's Chicken Sausages,400.00 g,Rs. 570.00,Cargills
Sausages,Goldi Supreme Chicken Sausages,1 Unit,"Rs. 1,760.00",Cargills
Sausages,Goldi Kochchi Chicken Sausages,1 Unit,"Rs. 1,490.00",Cargills
Sausages,Finest Chicken Cheese & Onion Sausages,500.00 g,"Rs. 1,510.00",Cargills
Sausages,Supersun Vege Hot Dog Sausages,200.00 g,Rs. 998.00,Cargills
Sausages,Keells Chicken Cheese & Onion Sausages,250.00 g,Rs. 820.00,Cargills
Sausages,Sam`s Chicken Sausage,500.00 g,"Rs. 1,480.00",Cargills
Sausages,Home Bake Sausage Rolls,6.00 pcs,Rs. 730.00,Cargills
Sausages,Finest Chicken Garlic Sausages,1 Unit,"Rs. 2,300.00",Cargills
Sausages,Sam`s Chicken Sausage Kids Range,200.00 g,Rs. 690.00,Cargills
Meatballs,Keells Chicken Meat Balls,200.00 g,Rs. 410.00,Cargills
Meatballs,Crescent Chicken Meat Balls,200.00 g,Rs. 337.50,Cargills
Meatballs,Prima Chicken Meat Balls,500.00 g,Rs. 623.00,Cargills
Meatballs,Sara's Chicken Meatballs,500.00 g,Rs. 890.00,Cargills
Meatballs,Goldi Hot & Spicy Chicken Meatballs,1 Unit,Rs. 340.00,Cargills
Meatballs,Goldi Chicken Meatballs,1 Unit,Rs. 190.00,Cargills
Meatballs,Elephant House Swedish Meatballs,200.00 g,Rs. 990.00,Cargills
Tuna Fish,Tess Yellowfin Tuna Fish In Chilli Oil,180.00 g,Rs. 799.00,Cargills
Sprats,Hewage Sprats,200.00 g,Rs. 540.00,Cargills
Sprats,Supreme Ready To Cook Sprats,1 Unit,"Rs. 1,090.00",Cargills
Sprats,My Choice Dried Sprats,200.00 g,Rs. 465.00,Cargills
Sprats,Mc Currie Sprats Badum,175.00 g,"Rs. 1,300.00",Cargills
Sprats,"SAB Dried Sprats, Headless",200.00 g,Rs. 790.00,Cargills
Brown Bread,Brown Sugar,1.00 kg,Rs. 245.00,Cargills
Brown Bread,My Choice Brown Sugar Packet,1.00 kg,Rs. 275.00,Cargills
Brown Bread,Nel Farm Brown Eggs Large,10.00 pcs,Rs. 560.00,Cargills
Brown Bread,Brownson Bi Carbonate of Soda,100.00 g,Rs. 190.00,Cargills
Brown Bread,Maurimix Brownie Mix,350.00 g,"Rs. 1,270.00",Cargills
Brown Bread,Motha Chocolate Brown Colour,28.00 ml,Rs. 210.00,Cargills
Brown Bread,Star Brand Chocolate Brown Colour,28.00 ml,Rs. 205.00,Cargills
Brown Bread,Revello Brownie,200.00 g,Rs. 700.00,Cargills
Brown Bread,Havana Brown Egg Medium,10.00 pcs,Rs. 510.00,Cargills
Brown Bread,"Havana Brown Egg Large, 10.00 pcs",10.00 pcs,Rs. 530.00,Cargills
White Bread,Prima White Bread,500.00 g,Rs. 495.00,Cargills
Sandwich Bread,Finagle Sandwich Bread,500.00 g,Rs. 495.00,Cargills
Sandwich Bread,Panaderia Sandwich Bread,500.00 g,Rs. 395.00,Cargills
Cream Crackers,Kist Niyama Cream Cracker,500.00 g,Rs. 408.00,Cargills
Cream Crackers,Munchee Super Cream Cracker,490.00 g,Rs. 480.00,Cargills
Cream Crackers,Maliban Smart Cream Cracker,490.00 g,Rs. 480.00,Cargills
Cream Crackers,Munchee Super Cream Cracker,230.00 g,Rs. 230.00,Cargills
Cream Crackers,Maliban Smart Cream Cracker,190.00 g,Rs. 200.00,Cargills
Cream Crackers,Munchee Super Cream Cracker,190.00 g,Rs. 200.00,Cargills
Cream Crackers,Munchee Super Cream Cracker,125.00 g,Rs. 140.00,Cargills
Cream Crackers,Kist Niyama Cream Cracker,250.00 g,Rs. 240.00,Cargills
Marie Biscuits,Kist Marie,300.00 g,Rs. 210.00,Cargills
Marie Biscuits,Maliban Gold Marie,350.00 g,Rs. 247.50,Cargills
Marie Biscuits,Munchee Tikiri Marie,360.00 g,Rs. 330.00,Cargills
Marie Biscuits,Maliban Gold Marie,240.00 g,Rs. 230.00,Cargills
Marie Biscuits,Munchee Tikiri Marie,80.00 g,Rs. 90.00,Cargills
Marie Biscuits,Munchee Chcolate Marie,90.00 g,Rs. 100.00,Cargills
Marie Biscuits,Munchee Ceylon Marie,400.00 g,Rs. 450.00,Cargills
Marie Biscuits,Munchee Ceylon Marie,200.00 g,Rs. 240.00,Cargills
Nice Biscuits,Munchee Nice Biscuits,400.00 g,Rs. 430.00,Cargills
Nice Biscuits,Maliban Nice Biscuits,400.00 g,Rs. 430.00,Cargills
Nice Biscuits,Munchee Nice Biscuits,100.00 g,Rs. 110.00,Cargills
Carrots,Carrot,500.00 g,Rs. 205.00,Cargills
Carrots,Bee Safe Carrot,500.00 g,Rs. 225.00,Cargills
Potatoes,Potatoes,500.00 g,Rs. 190.00,Cargills
Potatoes,Sweet Potatoes,500.00 g,Rs. 198.50,Cargills
Red Onions,Red Onion,250.00 g,Rs. 135.00,Cargills
Big Onions,Big Onion,500.00 g,Rs. 140.00,Cargills
Tomatoes,F&W Cherry Tomatoes,500.00 g,"Rs. 1,100.00",Cargills
Leeks,Leeks,250.00 g,Rs. 123.00,Cargills
Leeks,Bee Safe Leeks,500.00 g,Rs. 265.00,Cargills
Beans,Heinz Baked Beans in Tomato Sauce,415.00 g,Rs. 989.40,Cargills
Beans,Green Beans,250.00 g,Rs. 180.00,Cargills
Beans,Long beans,250.00 g,Rs. 80.00,Cargills
Beans,Butter Beans,250.00 g,Rs. 197.50,Cargills
Beans,Good Harvest Green Beans,500.00 g,Rs. 375.00,Cargills
Beans,Bee Safe Green Beans,500.00 g,Rs. 380.00,Cargills
Beans,Catch Kidney Beans,250.00 g,Rs. 460.00,Cargills
Beans,Catch Soya Beans,250.00 g,Rs. 400.00,Cargills
Beans,Catch Red Beans,250.00 g,Rs. 400.00,Cargills
Beans,Sethum Kidney Beans,250.00 g,Rs. 510.00,Cargills
Beans,Catch Baked Beans,425.00 g,Rs. 890.00,Cargills
Beans,Hosen Baked Beans,425.00 g,"Rs. 1,310.00",Cargills
Beans,Tofu Soya Bean Curd,250.00 g,Rs. 290.00,Cargills
Pumpkin,Pumpkin,500.00 g,Rs. 50.00,Cargills
Pumpkin,Finch Pumpkin Seeds,100.00 g,Rs. 890.00,Cargills
Pumpkin,Nature`s Love Green Pumpkin Seeds,100.00 g,Rs. 605.00,Cargills
Cabbage,Cabbage,500.00 g,Rs. 145.00,Cargills
Cabbage,Cabbage Leaves,300.00 g,Rs. 145.00,Cargills
Cabbage,Bee Safe Cabbage,500.00 g,Rs. 165.00,Cargills
Cabbage,Bee Safe Cabbage Leaves,300.00 g,Rs. 139.50,Cargills
Green Chillies,Green Chillies,100.00 g,Rs. 76.00,Cargills
Ginger,My Ginger Beer,750.00 ml,Rs. 150.00,Cargills
Ginger,Raw Ginger,150.00 g,Rs. 132.00,Cargills
Ginger,Maliban Ginger Nut,240.00 g,Rs. 280.00,Cargills
Ginger,"Dilmah Ginger Tea Bags, 20pcs",30.00 g,Rs. 500.00,Cargills
Ginger,Munchee Ginger Biscuit,80.00 g,Rs. 120.00,Cargills
Ginger,Munchee Ginger Biscuits,400.00 g,Rs. 420.00,Cargills
Ginger,"Dilmah Green Tea Bags Ginger Flavour,20 pcs",40.00 g,Rs. 530.00,Cargills
Ginger,Elephant House Ginger Beer,1 Unit,Rs. 300.00,Cargills
Ginger,Catch Gingerly Seeds,250.00 g,Rs. 990.00,Cargills
Ginger,Elephant House Dry Ginger Ale,500.00 ml,Rs. 200.00,Cargills
Ginger,Maliban Less Sugar Ginger Biscuit,80.00 g,Rs. 135.00,Cargills
Ginger,Finch Ginger Powder,50.00 g,Rs. 690.00,Cargills
Ginger,Kist Ginger Biscuits,250.00 g,Rs. 240.00,Cargills
Ginger,MD Ginger Paste,225.00 g,"Rs. 1,150.00",Cargills
Ginger,Bogawantalawa Tangy Ginger Tea,20.00 pcs,"Rs. 1,795.00",Cargills
Ginger,Mc Currie Ginger Powder,70.00 g,"Rs. 1,560.00",Cargills
Garlic,Garlic,250.00 g,Rs. 233.00,Cargills
Garlic,Pasta Roma Pasta Sauce Garlic,350.00 g,Rs. 738.00,Cargills
Garlic,Royal Chilli Garlic Cashew Nuts,250.00 g,"Rs. 3,200.00",Cargills
Garlic,MD Garlic Paste,250.00 g,Rs. 630.00,Cargills
Garlic,Magna Garlic Murukku,100.00 g,Rs. 280.00,Cargills
Garlic,Edinborough Garlic Mayonnaise,170.00 g,Rs. 725.00,Cargills
Garlic,Dad`s Garden Garlic Chilli Sauce,260.00 ml,Rs. 630.00,Cargills
Garlic,Pelwatte Garlic Butter,200.00 g,Rs. 950.00,Cargills
Garlic,Siddhalepa Madhu Lasuna Garlic in Bee Honey,250.00 g,"Rs. 1,270.00",Cargills
Garlic,Orbit Garlic in Bee Honey,300.00 g,Rs. 850.00,Cargills
Garlic,Finest Chicken Garlic Sausages,1 Unit,"Rs. 2,300.00",Cargills
Garlic,Home Bake Garlic Bread,200.00 g,Rs. 480.00,Cargills
Garlic,PA Garlic Butter Naan,300.00 g,"Rs. 1,890.00",Cargills
Garlic,Gold Star Garlic Butter,150.00 g,Rs. 845.00,Cargills
Garlic,Ambewela Gouda Garlic Ball Cheese,250.00 g,"Rs. 1,600.00",Cargills
Garlic,Ambewela Ball Cheese Garlic,400.00 g,"Rs. 2,550.00",Cargills
Garlic,Smak Garlic Mixed Bite,80.00 g,Rs. 235.00,Cargills
Garlic,SMAK Garlic Mixed Bite,150.00 g,Rs. 405.00,Cargills
Lime,Protinex Life Powder Tin,400.00 g,"Rs. 4,050.00",Cargills
Lime,Diva Flowers Rose & Lime,1.00 kg,Rs. 320.00,Cargills
Lime,Protinex Life Cho,400.00 g,"Rs. 4,050.00",Cargills
Lime,Bees Line Heenbovitiya Capsule,60.00 pcs,"Rs. 1,251.00",Cargills
Lime,Bees Line Papaya Leaves Capsule,60.00 pcs,Rs. 981.00,Cargills
Lime,Bees Line Margosa Capsule,60.00 pcs,"Rs. 1,071.00",Cargills
Lime,Lime,250.00 g,Rs. 40.00,Cargills
Coconut Oil,Kumarika Strong Hair Shampoo Gotukola & Coconut Oil,180.00 ml,Rs. 600.00,Cargills
Coconut Oil,"Kumarika Strong Hair Conditioner, Gotukola & Coconut Oil",180.00 ml,Rs. 650.00,Cargills
Coconut Oil,Mum`S Joy Pure Refined Coconut Oil,1.00 l,"Rs. 1,432.00",Cargills
Coconut Oil,Kumarika Hydrating Shampoo Coconut Milk & Veralu leaves,180.00 ml,Rs. 600.00,Cargills
Coconut Oil,Kumarika Hydrating Conditioner Coconut Milk & Veralu leaves,80.00 ml,Rs. 385.00,Cargills
Coconut Oil,Kumarika Strong Hair Conditioner Gotukola & Coconut Oil,80.00 ml,Rs. 385.00,Cargills
Coconut Oil,"Kumarika Hydrating Conditioner, Coconut Milk & Verali Leaves",180.00 ml,Rs. 650.00,Cargills
Coconut Oil,Prevense Body Lotion Coconut Milk,300.00 ml,"Rs. 2,190.00",Cargills
Coconut Oil,BCC White Coconut Oil,1 Unit,"Rs. 1,890.00",Cargills
Coconut Oil,Colo Coconut Milk Powder,1 Unit,"Rs. 1,250.00",Cargills
Coconut Oil,Fortune Cocofine Coconut Oil,1.00 l,"Rs. 1,950.00",Cargills
Coconut Oil,Maggi Coconut Milk Powder,1 Unit,"Rs. 3,300.00",Cargills
Coconut Oil,Knorr Coconut Milk Powder,300.00 g,"Rs. 1,280.00",Cargills
Coconut Oil,Fortune Cocofine R.B.D Coconut Oil,2.90 l,"Rs. 4,500.00",Cargills
Coconut Oil,N-Joy Pure Coconut Oil,1 Unit,"Rs. 1,790.00",Cargills
Coconut Oil,Renuka Coconut Milk Powder,1 Unit,"Rs. 3,500.00",Cargills
Coconut Oil,Fortune Cocofine Coconut Oil,2.00 l,"Rs. 3,850.00",Cargills
Coconut Oil,Coconut Miracle Pure Premium Virgin Coconut Oil,500.00 ml,"Rs. 1,799.00",Cargills
Coconut Oil,Silvermill Pure Coconut Oil,1 Unit,Rs. 855.00,Cargills
Coconut Oil,Sera Real Coconut Milk,1 Unit,Rs. 565.00,Cargills
Vegetable Oil,Fortune Vegetable Oil,1 Unit,"Rs. 3,070.00",Cargills
Coconut Milk,Kumarika Hydrating Shampoo Coconut Milk & Veralu leaves,180.00 ml,Rs. 600.00,Cargills
Coconut Milk,Kumarika Hydrating Conditioner Coconut Milk & Veralu leaves,80.00 ml,Rs. 385.00,Cargills
Coconut Milk,"Kumarika Hydrating Conditioner, Coconut Milk & Verali Leaves",180.00 ml,Rs. 650.00,Cargills
Coconut Milk,Prevense Body Lotion Coconut Milk,300.00 ml,"Rs. 2,190.00",Cargills
Coconut Milk,Colo Coconut Milk Powder,1 Unit,"Rs. 1,250.00",Cargills
Coconut Milk,Maggi Coconut Milk Powder,1 Unit,"Rs. 3,300.00",Cargills
Coconut Milk,Knorr Coconut Milk Powder,300.00 g,"Rs. 1,280.00",Cargills
Coconut Milk,Renuka Coconut Milk Powder,1 Unit,"Rs. 3,500.00",Cargills
Coconut Milk,Sera Real Coconut Milk,1 Unit,Rs. 565.00,Cargills
Coconut Milk,Sera Coconut Milk,1.00 Lt,Rs. 890.00,Cargills
Coconut Milk,Renuka Coconut Milk,1 Unit,"Rs. 1,200.00",Cargills
Coconut Milk,Knorr Coconut Milk Powder,800.00 g,"Rs. 3,100.00",Cargills
Coconut Milk,Coco Fresh Coconut Milk Drink Plain,250.00 ml,Rs. 200.00,Cargills
Coconut Milk,Coco Fresh Vanilla Flavored Coconut Milk Drink,250.00 ml,Rs. 200.00,Cargills
Coconut Milk,Coco Fresh Chocolate Flavored Coconut Milk Drink,250.00 ml,Rs. 200.00,Cargills
Coconut Milk,Coco Fresh Coffee Flavored Coconut Milk Drink,250.00 ml,Rs. 200.00,Cargills
Coconut Milk,Silvermill Coconut Milk,330.00 ml,Rs. 375.00,Cargills
Coconut Powder,Sunsilk Shampoo Coconut & Aloe,200.00 ml,Rs. 750.00,Cargills
Coconut Powder,Kumarika Strong Hair Shampoo Gotukola & Coconut Oil,180.00 ml,Rs. 600.00,Cargills
Coconut Powder,"Kumarika Strong Hair Conditioner, Gotukola & Coconut Oil",180.00 ml,Rs. 650.00,Cargills
Coconut Powder,Kumarika Hydrating Shampoo Coconut Milk & Veralu leaves,180.00 ml,Rs. 600.00,Cargills
Coconut Powder,Parachute Coconut Hair Oil,100.00 ml,Rs. 378.00,Cargills
Coconut Powder,Kumarika Hydrating Conditioner Coconut Milk & Veralu leaves,80.00 ml,Rs. 385.00,Cargills
Coconut Powder,Kumarika Hair Oil King Coconut & Rice,1 Unit,Rs. 500.00,Cargills
Coconut Powder,Kumarika Strong Hair Conditioner Gotukola & Coconut Oil,80.00 ml,Rs. 385.00,Cargills
Coconut Powder,Dreamron King Coconut Conditioner,200.00 ml,Rs. 650.00,Cargills
Coconut Powder,"Kumarika Hydrating Conditioner, Coconut Milk & Verali Leaves",180.00 ml,Rs. 650.00,Cargills
Coconut Powder,Prevense Body Lotion Coconut Milk,300.00 ml,"Rs. 2,190.00",Cargills
Coconut Powder,Coconut,3.00 pcs,Rs. 480.00,Cargills
Coconut Powder,BCC White Coconut Oil,1 Unit,"Rs. 1,890.00",Cargills
Coconut Powder,Colo Coconut Milk Powder,1 Unit,"Rs. 1,250.00",Cargills
Coconut Powder,Fortune Cocofine Coconut Oil,1.00 l,"Rs. 1,950.00",Cargills
Coconut Powder,Maggi Coconut Milk Powder,1 Unit,"Rs. 3,300.00",Cargills
Coconut Powder,Knorr Coconut Milk Powder,300.00 g,"Rs. 1,280.00",Cargills
Coconut Powder,Fortune Cocofine R.B.D Coconut Oil,2.90 l,"Rs. 4,500.00",Cargills
Coconut Powder,N-Joy Pure Coconut Oil,1 Unit,"Rs. 1,790.00",Cargills
Coconut Powder,Ceynco Grated Coconut,250.00 g,Rs. 490.00,Cargills
White Sugar,White Sugar,1.00 kg,Rs. 198.00,Cargills
White Sugar,My Choice White Sugar Packet,1.00 kg,Rs. 238.00,Cargills
Brown Sugar,Brown Sugar,1.00 kg,Rs. 245.00,Cargills
Brown Sugar,My Choice Brown Sugar Packet,1.00 kg,Rs. 275.00,Cargills
Table Salt,Hiru Table Salt,400.00 g,Rs. 120.00,Cargills
Table Salt,My Choice Table Salt,1 Unit,Rs. 215.00,Cargills
Table Salt,Hiru Table Salt,1.00 kg,Rs. 225.00,Cargills
Chilli Powder,Catch Kashmiri Chilli Powder,100.00 g,Rs. 531.00,Cargills
Chilli Powder,Mc Currie Raw Chilli Powder,200.00 g,Rs. 480.00,Cargills
Chilli Powder,My Choice Chilli Powder,200.00 g,Rs. 320.00,Cargills
Chilli Powder,Mc Currie Raw Chilli Powder,100.00 g,Rs. 175.00,Cargills
Chilli Powder,Freelan Chilli Powder,250.00 g,Rs. 445.00,Cargills
Chilli Powder,Freelan Chilli Powder,100.00 g,Rs. 180.00,Cargills
Chilli Powder,Mc Currie Roasted Chilli Powder,100.00 g,Rs. 310.00,Cargills
Chilli Powder,My Choice Chilli Powder,100.00 g,Rs. 160.00,Cargills
Chilli Powder,Ruhunu Chilli Powder,100.00 g,Rs. 180.00,Cargills
Chilli Powder,Ruhunu Chilli Powder,250.00 g,Rs. 450.00,Cargills
Chilli Powder,Catch Chilli Powder,250.00 g,Rs. 475.00,Cargills
Chilli Powder,Sigiri Chilli Powder,250.00 g,Rs. 375.00,Cargills
Chilli Powder,Catch Chilli Powder,100.00 g,Rs. 190.00,Cargills
Chilli Powder,Sigiri Chilli Powder,100.00 g,Rs. 150.00,Cargills
Chilli Powder,Newtro Chili Powder,100.00 g,Rs. 350.00,Cargills
Chilli Powder,Festiva Chilli Powder,100.00 g,Rs. 170.00,Cargills
Chilli Powder,Newtro Chilli Powder,250.00 g,Rs. 650.00,Cargills
Chilli Powder,Finch Kashmiri Chilli Powder,50.00 g,Rs. 890.00,Cargills
Chilli Powder,Catch Mixed Chilli Powder,100.00 g,Rs. 270.00,Cargills
Chilli Powder,Wijaya Chilli Powder,250.00 g,Rs. 520.00,Cargills
Curry Powder,Mc Currie Unroasted Curry Powder,100.00 g,Rs. 230.00,Cargills
Curry Powder,Catch Curry Powder,100.00 g,Rs. 160.00,Cargills
Curry Powder,Catch Jaffna Curry Powder,100.00 g,Rs. 200.00,Cargills
Curry Powder,Catch Curry Powder,250.00 g,Rs. 400.00,Cargills
Curry Powder,Catch Roasted Curry Powder,100.00 g,Rs. 198.00,Cargills
Curry Powder,Mc Currie Raw Curry Powder,200.00 g,Rs. 450.00,Cargills
Curry Powder,My Choice Curry Powder,100.00 g,Rs. 170.00,Cargills
Curry Powder,Mc Currie Roasted Curry Powder,100.00 g,Rs. 260.00,Cargills
Curry Powder,Ruhunu Curry Powder,250.00 g,Rs. 410.00,Cargills
Curry Powder,Freelan Curry Powder,100.00 g,Rs. 210.00,Cargills
Curry Powder,Freelan Roasted Curry Powder,100.00 g,Rs. 220.00,Cargills
Curry Powder,Wijaya Curry Powder,250.00 g,Rs. 525.00,Cargills
Curry Powder,Ma`s Unroasted Curry Powder,250.00 g,Rs. 780.00,Cargills
Curry Powder,Freelan Curry Powder,250.00 g,Rs. 520.00,Cargills
Curry Powder,My Choice Roasted Curry Powder,200.00 g,Rs. 360.00,Cargills
Curry Powder,Ma`s Unroasted Curry Powder,100.00 g,Rs. 320.00,Cargills
Curry Powder,Mc Currie Roasted Curry Powder (Dark),100.00 g,Rs. 345.00,Cargills
Curry Powder,My Choice Roasted Curry Powder,100.00 g,Rs. 190.00,Cargills
Curry Powder,Wijaya Roasted Curry Powder,250.00 g,Rs. 625.00,Cargills
Curry Powder,Ma`s Jafna Curry Powder,100.00 g,Rs. 480.00,Cargills
Turmeric,Catch Turmeric Powder,50.00 g,Rs. 300.00,Cargills
Turmeric,Ayush Face Cream Turmeric,50.00 g,Rs. 780.00,Cargills
Turmeric,Ayush Anti Pimple Turmeric Face Wash,80.00 g,Rs. 560.00,Cargills
Turmeric,Nature`s Secrets Turmeric Face Wash,100.00 ml,Rs. 390.00,Cargills
Turmeric,Prevense Face Mask Turmeric,75.00 g,"Rs. 2,890.00",Cargills
Turmeric,Prevencs Body Lotion Wild Turmeric,300.00 ml,"Rs. 2,190.00",Cargills
Turmeric,Nature`s Secrets Turmeric Golden Cream,50.00 ml,Rs. 520.00,Cargills
Turmeric,My Choice Turmeric Powder,50.00 g,Rs. 250.00,Cargills
Turmeric,Freelan Turmeric Powder,50.00 g,Rs. 325.00,Cargills
Turmeric,Newtro Turmeric Powder,100.00 g,Rs. 580.00,Cargills
Turmeric,Turmeric,250.00 g,Rs. 105.00,Cargills
Turmeric,Catch Turmeric Powder,100.00 g,Rs. 680.00,Cargills
Turmeric,Newtro Turmeric Powder,50.00 g,Rs. 320.00,Cargills
Turmeric,Festiva Turmeric Powder,50.00 g,Rs. 260.00,Cargills
Turmeric,"Rani Shower Cream,Milk , Honey and Turmeric",250.00 ml,Rs. 750.00,Cargills
Ceylon Tea,Cargills Ceylon Traditional Red Rice Flour,400.00 g,Rs. 215.00,Cargills
Ceylon Tea,Cargills Ceylon Traditional White Rice Flour,400.00 g,Rs. 200.00,Cargills
Tea Bags,Siddhi Herbal Slimming Tea Bags,10.00 pcs,Rs. 350.00,Cargills
Tea Bags,Zesta Tea Bags,50.00 pcs,Rs. 540.00,Cargills
Tea Bags,Bogawanthalawa Legend Green Tea Bags,25.00 pcs,Rs. 273.00,Cargills
Tea Bags,Bogawanthalawa Legend Black Tea Bags,100.00 pcs,"Rs. 1,240.00",Cargills
Tea Bags,Fadna Shape Up Tea Bags,15.00 pcs,Rs. 975.00,Cargills
Tea Bags,Fadna Tummy Tea Bags,15.00 pcs,Rs. 975.00,Cargills
Tea Bags,Slimfast Tea Bags,25.00 pcs,Rs. 850.00,Cargills
Tea Bags,Siddhi Men Fat Burner Herbal Tea Bags,10.00 pcs,Rs. 370.00,Cargills
Tea Bags,Dilmah Premium Tea Bags,100.00 pcs,"Rs. 1,530.00",Cargills
Tea Bags,Zesta Tea Bags,100.00 pcs,"Rs. 1,300.00",Cargills
Tea Bags,"Zesta Green Tea Bags,37.5g",25.00 pcs,Rs. 390.00,Cargills
Tea Bags,Dilmah Premium Tea Bags,50.00 pcs,Rs. 624.00,Cargills
Tea Bags,Steuarts Green Tea Bag,50.00 g,Rs. 337.50,Cargills
Tea Bags,"Dilmah Ginger Tea Bags, 20pcs",30.00 g,Rs. 500.00,Cargills
Tea Bags,Zesta Tea Bags,25.00 pcs,Rs. 375.00,Cargills
Tea Bags,"Dilmah English Breakfast Tea Bags,50 pcs",100.00 g,"Rs. 1,045.00",Cargills
Tea Bags,"Dilmah Mint Tea Bags, 20 pcs",30.00 g,Rs. 475.00,Cargills
Tea Bags,"Dilmah Green Tea Bags Ginger Flavour,20 pcs",40.00 g,Rs. 530.00,Cargills
Tea Bags,Steuarts Pre BOPF Tea Bag,50.00 g,Rs. 370.00,Cargills
Tea Bags,"Dilmah Cinnamon Tea Bags,20 pcs",30.00 g,Rs. 500.00,Cargills
Coffee,"Magic Choko Block Coffee, 6pcs",160.00 g,Rs. 292.50,Cargills
Coffee,Khao Shong Coffee Mixture Bottle,50.00 g,Rs. 717.50,Cargills
Coffee,Ancient Nutra Green Coffee Bean Organic Capsule,60.00 pcs,"Rs. 1,350.00",Cargills
Coffee,Harischandra Coffee,100.00 g,Rs. 440.00,Cargills
Coffee,Island Coffee,200.00 g,Rs. 780.00,Cargills
Coffee,Little Lion Soft Log Coffee Flavoured,200.00 g,Rs. 390.00,Cargills
Coffee,Nestle Coffeemate Jar,1 Unit,"Rs. 1,900.00",Cargills
Coffee,Harischandra Coffee,50.00 g,Rs. 220.00,Cargills
Coffee,Island Coffee,100.00 g,Rs. 420.00,Cargills
Coffee,Kotmale Iced Coffee,1.00 l,Rs. 600.00,Cargills
Coffee,"Nescafe Classic Instant Coffee, Sachet",10.00 pcs,Rs. 250.00,Cargills
Coffee,Bon Aroma Classic Coffee,50.00 g,Rs. 990.00,Cargills
Coffee,Milkmaid Ice Coffee Mix,390.00 g,Rs. 890.00,Cargills
Coffee,Nescafe Ice Coffee RTD,180.00 ml,Rs. 150.00,Cargills
Coffee,Maliban Real Temptation Coffee,90.00 g,Rs. 300.00,Cargills
Coffee,Khao Shong 3 in 1 Espresso Instant Coffee Mix,90.00 g,Rs. 715.00,Cargills
Coffee,Kist Coffee Wafers,200.00 g,Rs. 290.00,Cargills
Coffee,Kotmale Iced Coffee,180.00 ml,Rs. 130.00,Cargills
Coffee,Rage Coffee Silk Blend Belgian Chocolate,50.00 g,"Rs. 1,600.00",Cargills
Coffee,Soul Coffee Iced Coffee Choco,200.00 ml,Rs. 580.00,Cargills
Mixed Fruit Juice,Kist Mixed Fruit Nectar,1 Unit,Rs. 440.00,Cargills
Mixed Fruit Juice,Motha Mixed Fruit Flavoured Jelly,100.00 g,Rs. 230.00,Cargills
Mixed Fruit Juice,Cerelac Mixed Fruit With Milk,200.00 g,Rs. 950.00,Cargills
Mixed Fruit Juice,Kist Mixed Fruit Cordial,750.00 ml,Rs. 900.00,Cargills
Mixed Fruit Juice,"Motha Quick Set Jelly, Mixed Fruit",100.00 g,Rs. 180.00,Cargills
Mixed Fruit Juice,MD Mixed Fruit Flavoured Jelly,100.00 g,Rs. 210.00,Cargills
Mixed Fruit Juice,Dilmah Iced Tea Mixed Berry Flavour,250.00 ml,Rs. 230.00,Cargills
Mixed Fruit Juice,Elephant House Fit O Flavored Mixed Fruit Drink,1.00 l,Rs. 600.00,Cargills
Mixed Fruit Juice,Anchor Lowfat Mixedberry Yoghurt,100.00 g,Rs. 180.00,Cargills
Mixed Fruit Juice,Kist Mixed Fruit Jam,1 Unit,Rs. 350.00,Cargills
Mixed Fruit Juice,Kotmale Jelly Mixed Yoghurt,80.00 g,Rs. 70.00,Cargills
Mixed Fruit Juice,Finch Mixed Herbs,20.00 g,Rs. 490.00,Cargills
Mixed Fruit Juice,Frutty Fro Mixed Berry Flavoured Greek Yoghurt,90.00 g,Rs. 375.00,Cargills
Mixed Fruit Juice,MD Mixedfruit Jam,500.00 g,Rs. 600.00,Cargills
Mixed Fruit Juice,Samaayu Mixed Herbal Porridge,50.00 g,Rs. 150.00,Cargills
Mixed Fruit Juice,MD Low Sugar Mixed Fruit Jam,330.00 g,Rs. 600.00,Cargills
Mixed Fruit Juice,MD Mixed Fruit Jam,300.00 g,Rs. 380.00,Cargills
Mixed Fruit Juice,Zellers Mixed Nut Cream Chocolate,45.00 g,Rs. 350.00,Cargills
Mixed Fruit Juice,MD Mixed Fruit Chutney,450.00 g,Rs. 900.00,Cargills
Mixed Fruit Juice,SMAK Cheese & Onion Mixed Bite,150.00 g,Rs. 405.00,Cargills
Soft Drinks,Denta Comfort Toothbrush - Soft,1.00 pc,Rs. 104.00,Cargills
Soft Drinks,Revlon Colorsilk 3D Hair Color -Soft Black,40.00 ml,"Rs. 2,200.00",Cargills
Soft Drinks,Astra Soft Fat Spread,250.00 g,Rs. 390.00,Cargills
Soft Drinks,Denta Comfort Soft Toothbrushes,2.00 pcs,Rs. 240.00,Cargills
Soft Drinks,Soffell Mosquito Repellent,70.00 ml,Rs. 950.00,Cargills
Soft Drinks,Kumarika Hydrating Conditioner Coconut Milk & Veralu leaves,80.00 ml,Rs. 385.00,Cargills
Soft Drinks,Soffell Mosquito Spray,80.00 ml,"Rs. 1,450.00",Cargills
Soft Drinks,Sensodyne Toothbrush Soft,1.00 pc,Rs. 261.00,Cargills
Soft Drinks,Janet Kohomba Medicated Soothing Pack,100.00 ml,Rs. 600.00,Cargills
Soft Drinks,Sunsilk Soft & Smooth Conditioner,1 Unit,"Rs. 1,900.00",Cargills
Soft Drinks,Aryu Aloe Vera Soothing Gel,90.00 g,Rs. 870.00,Cargills
Soft Drinks,Softlux Paper Serviette 1PLY,100.00 pcs,Rs. 395.00,Cargills
Soft Drinks,Softlux Cocktail Serviette 2ply,50.00 pcs,Rs. 340.00,Cargills
Coca Cola,Coca Cola-PET,1 Unit,Rs. 500.00,Cargills
Coca Cola,Coca Cola-PET,1 Unit,Rs. 200.00,Cargills
Coca Cola,Coca Cola Zero,1 Unit,Rs. 300.00,Cargills
EGB,Embrace EDP Paris Men Only,100.00 ml,"Rs. 1,250.00",Cargills
EGB,Embrace EDP Executive Classic,100.00 ml,"Rs. 1,250.00",Cargills
EGB,Embrace EDP Nikita Fantacy,100.00 ml,"Rs. 1,250.00",Cargills
EGB,"Embrace EDP Classic No.1, Paris",100.00 ml,"Rs. 1,250.00",Cargills
EGB,Delmege Delizia Pasta Elbow,400.00 g,Rs. 352.00,Cargills
EGB,Happy Hen Eggs M,1 Unit,Rs. 520.00,Cargills
EGB,Nel Farm Brown Eggs Large,10.00 pcs,Rs. 560.00,Cargills
EGB,Roza Elbow,400.00 g,Rs. 460.00,Cargills
EGB,Star Brand Egg Yellow Colouring,28.00 ml,Rs. 205.00,Cargills
EGB,Sooper Vegan Eggless Chocolate Mousse,100.00 g,Rs. 870.00,Cargills
EGB,Embrace EDP Ferrera VIP Rose,100.00 ml,"Rs. 1,250.00",Cargills
EGB,Embrace EDP Dakar,100.00 ml,"Rs. 1,250.00",Cargills
EGB,Embrace EDP Active Code,100.00 ml,"Rs. 1,250.00",Cargills
EGB,"Arogya Farm Omega 3+DHA Rich Eggs, Medium",10.00 pcs,Rs. 575.00,Cargills
EGB,Havana Brown Egg Medium,10.00 pcs,Rs. 510.00,Cargills
EGB,"Havana Brown Egg Large, 10.00 pcs",10.00 pcs,Rs. 530.00,Cargills
Apples,Green Apple,700.00 g,"Rs. 1,393.00",Cargills
Apples,Royal Gala Apple,700.00 g,"Rs. 1,260.00",Cargills
Apples,USA Red Apple,700.00 g,"Rs. 1,169.00",Cargills
Apples,Elephant Twistee Apple,200.00 ml,Rs. 130.00,Cargills
Apples,Star Brand Apple Colouring,28.00 ml,Rs. 205.00,Cargills
Banana,Cavendish Banana,1.00 kg,Rs. 431.00,Cargills
Banana,"Golden Cow Rusk, Banana",125.00 g,Rs. 430.00,Cargills
Banana,Batana,500.00 g,Rs. 440.00,Cargills
Papaya,Bees Line Papaya Leaves Capsule,60.00 pcs,Rs. 981.00,Cargills
Pineapple,Pineapple,1.25 kg,Rs. 400.00,Cargills
Pineapple,Mc Currie Pineapple Chutney,450.00 g,"Rs. 1,195.00",Cargills
Mango,Kist Mango Chutney,460.00 g,Rs. 467.50,Cargills
Mango,Yeti Isotonic Green Mango and Citrus,500.00 ml,Rs. 350.00,Cargills
Mango,Hosen Mango In Syrup,425.00 g,"Rs. 1,689.00",Cargills
Mango,MD Spicy Mango Chutney,460.00 g,Rs. 650.00,Cargills
Mango,T. J .C. Mango,1.00 kg,Rs. 530.00,Cargills
Mango,Karthakolomban Mango,1.00 kg,Rs. 490.00,Cargills
